﻿{"cameraMode":{"drawMode":0,"name":"Shaded","section":"Shading Mode"},"sceneLighting":true,"audioPlay":false,"sceneViewState":{"showFog":true,"showMaterialUpdate":false,"showSkybox":true,"showFlares":true,"showImageEffects":true,"showParticleSystems":true},"in2DMode":false,"pivot":{"x":-4.682613372802734,"y":1.686129093170166,"z":1.3824176788330079},"rotation":{"x":-0.12886567413806916,"y":0.37703296542167666,"z":-0.053046900779008868,"w":-0.9156733751296997},"size":20.095949172973634,"orthographic":false}