﻿{"cameraMode":{"drawMode":0,"name":"Shaded","section":"Shading Mode"},"sceneLighting":true,"audioPlay":false,"sceneViewState":{"showFog":true,"showMaterialUpdate":false,"showSkybox":true,"showFlares":true,"showImageEffects":true,"showParticleSystems":true},"in2DMode":false,"pivot":{"x":-91.98760986328125,"y":-27.76168441772461,"z":49.33872985839844},"rotation":{"x":-0.12162265181541443,"y":0.295910507440567,"z":-0.03826779127120972,"w":-0.9470250606536865},"size":302.2987060546875,"orthographic":false}